timestamp,buyer,seller,symbol,currency,price,quantity
3400,,,TOMATOES,XIRECS,5009.0,2
7000,,,TOMATOES,XIRECS,5010.0,4
9600,,,TOMATOES,XIRECS,4999.0,5
9900,,,TOMATOES,XIRECS,5000.0,4
16400,,,TOMATOES,XIRECS,4996.0,2
17900,,,TOMATOES,XIRECS,5009.0,2
22200,,,TOMATOES,XIRECS,5005.0,3
23500,,,TOMATOES,XIRECS,4989.0,3
24600,,,TOMATOES,XIRECS,5002.0,5
26100,,,TOMATOES,XIRECS,4988.0,2
34700,,,TOMATOES,XIRECS,4998.0,4
36400,,,TOMATOES,XIRECS,4986.0,2
36700,,,TOMATOES,XIRECS,4985.0,2
39400,,,TOMATOES,XIRECS,4978.0,2
43900,,,TOMATOES,XIRECS,4989.0,5
52800,,,TOMATOES,XIRECS,4994.0,4
53100,,,TOMATOES,XIRECS,4995.0,2
53600,,,TOMATOES,XIRECS,4996.0,2
54400,,,TOMATOES,XIRECS,4983.0,3
59700,,,TOMATOES,XIRECS,4993.0,5
64100,,,TOMATOES,XIRECS,4984.0,4
66100,,,TOMATOES,XIRECS,4990.0,3
70600,,,TOMATOES,XIRECS,4993.0,2
71200,,,TOMATOES,XIRECS,4993.0,2
73500,,,TOMATOES,XIRECS,4982.0,3
74200,,,TOMATOES,XIRECS,4996.0,3
75200,,,TOMATOES,XIRECS,4982.0,4
78300,,,TOMATOES,XIRECS,4997.0,5
79100,,,TOMATOES,XIRECS,4984.0,5
80300,,,TOMATOES,XIRECS,4985.0,3
80900,,,TOMATOES,XIRECS,4984.0,2
81000,,,TOMATOES,XIRECS,4984.0,4
81400,,,TOMATOES,XIRECS,4984.0,5
84500,,,TOMATOES,XIRECS,4979.0,3
85500,,,TOMATOES,XIRECS,4977.0,2
86000,,,TOMATOES,XIRECS,4991.0,5
94000,,,TOMATOES,XIRECS,4978.0,3
97200,,,TOMATOES,XIRECS,4978.0,4
97500,,,TOMATOES,XIRECS,4978.0,3
110200,,,TOMATOES,XIRECS,4986.0,5
111900,,,TOMATOES,XIRECS,4986.0,3
112000,,,TOMATOES,XIRECS,4999.0,4
113000,,,TOMATOES,XIRECS,4999.0,4
116300,,,TOMATOES,XIRECS,5001.0,2
120900,,,TOMATOES,XIRECS,4990.0,3
124800,,,TOMATOES,XIRECS,4989.0,2
128700,,,TOMATOES,XIRECS,4988.0,3
129000,,,TOMATOES,XIRECS,5001.0,2
130500,,,TOMATOES,XIRECS,4985.0,3
130900,,,TOMATOES,XIRECS,4985.0,2
131900,,,TOMATOES,XIRECS,4999.0,4
132100,,,TOMATOES,XIRECS,4986.0,4
133400,,,TOMATOES,XIRECS,5001.0,4
136200,,,TOMATOES,XIRECS,4987.0,4
137600,,,TOMATOES,XIRECS,5001.0,5
141700,,,TOMATOES,XIRECS,4997.0,5
144200,,,TOMATOES,XIRECS,4986.0,2
151500,,,TOMATOES,XIRECS,4984.0,2
153400,,,TOMATOES,XIRECS,4996.0,4
156700,,,TOMATOES,XIRECS,4997.0,3
157600,,,TOMATOES,XIRECS,4996.0,3
158900,,,TOMATOES,XIRECS,4976.0,2
159200,,,TOMATOES,XIRECS,4978.0,3
161000,,,TOMATOES,XIRECS,4977.0,3
161800,,,TOMATOES,XIRECS,4976.0,2
162400,,,TOMATOES,XIRECS,4976.0,3
162900,,,TOMATOES,XIRECS,4975.0,5
167300,,,TOMATOES,XIRECS,4982.0,2
168200,,,TOMATOES,XIRECS,4995.0,4
170800,,,TOMATOES,XIRECS,4982.0,3
176000,,,TOMATOES,XIRECS,4998.0,4
176300,,,TOMATOES,XIRECS,4984.0,3
176900,,,TOMATOES,XIRECS,4985.0,2
180300,,,TOMATOES,XIRECS,4981.0,3
181100,,,TOMATOES,XIRECS,4982.0,4
182600,,,TOMATOES,XIRECS,4981.0,5
185200,,,TOMATOES,XIRECS,4997.0,3
187100,,,TOMATOES,XIRECS,5000.0,2
187600,,,TOMATOES,XIRECS,4988.0,3
188300,,,TOMATOES,XIRECS,5002.0,5
189000,,,TOMATOES,XIRECS,4987.0,3
191700,,,TOMATOES,XIRECS,5000.0,3
192700,,,TOMATOES,XIRECS,4984.0,3
195700,,,TOMATOES,XIRECS,4991.0,3
202200,,,TOMATOES,XIRECS,5005.0,3
203600,,,TOMATOES,XIRECS,5002.0,4
206300,,,TOMATOES,XIRECS,5002.0,2
206400,,,TOMATOES,XIRECS,4989.0,3
207200,,,TOMATOES,XIRECS,4988.0,4
212200,,,TOMATOES,XIRECS,4995.0,4
213300,,,TOMATOES,XIRECS,4993.0,2
215500,,,TOMATOES,XIRECS,5003.0,3
216000,,,TOMATOES,XIRECS,5001.0,4
218700,,,TOMATOES,XIRECS,4999.0,4
218800,,,TOMATOES,XIRECS,4984.0,5
218900,,,TOMATOES,XIRECS,4986.0,2
226300,,,TOMATOES,XIRECS,4997.0,5
227300,,,TOMATOES,XIRECS,4998.0,5
229400,,,TOMATOES,XIRECS,4980.0,3
231600,,,TOMATOES,XIRECS,4982.0,3
233200,,,TOMATOES,XIRECS,4990.0,3
239100,,,TOMATOES,XIRECS,4990.0,5
248700,,,TOMATOES,XIRECS,4981.0,4
249000,,,TOMATOES,XIRECS,4994.0,4
249800,,,TOMATOES,XIRECS,4991.0,2
250200,,,TOMATOES,XIRECS,4991.0,2
251800,,,TOMATOES,XIRECS,4991.0,2
252300,,,TOMATOES,XIRECS,4977.0,4
259000,,,TOMATOES,XIRECS,4982.0,3
261900,,,TOMATOES,XIRECS,4984.0,3
267600,,,TOMATOES,XIRECS,4978.0,3
269100,,,TOMATOES,XIRECS,4993.0,2
269700,,,TOMATOES,XIRECS,4987.0,4
274300,,,TOMATOES,XIRECS,4983.0,2
276300,,,TOMATOES,XIRECS,4981.0,5
278600,,,TOMATOES,XIRECS,4982.0,4
280400,,,TOMATOES,XIRECS,4989.0,5
281700,,,TOMATOES,XIRECS,4977.0,4
282200,,,TOMATOES,XIRECS,4989.0,4
282500,,,TOMATOES,XIRECS,4990.0,5
282600,,,TOMATOES,XIRECS,4989.0,3
286800,,,TOMATOES,XIRECS,4989.0,2
288700,,,TOMATOES,XIRECS,4993.0,2
290400,,,TOMATOES,XIRECS,4990.0,3
291700,,,TOMATOES,XIRECS,4978.0,5
296100,,,TOMATOES,XIRECS,4979.0,5
296700,,,TOMATOES,XIRECS,4994.0,5
300100,,,TOMATOES,XIRECS,4994.0,2
301000,,,TOMATOES,XIRECS,4992.0,4
305700,,,TOMATOES,XIRECS,4990.0,4
307900,,,TOMATOES,XIRECS,4974.0,2
308200,,,TOMATOES,XIRECS,4973.0,3
312600,,,TOMATOES,XIRECS,4976.0,3
314200,,,TOMATOES,XIRECS,4988.0,3
316000,,,TOMATOES,XIRECS,4973.0,3
316400,,,TOMATOES,XIRECS,4974.0,3
318400,,,TOMATOES,XIRECS,4991.0,4
323700,,,TOMATOES,XIRECS,4991.0,5
325600,,,TOMATOES,XIRECS,4978.0,2
326400,,,TOMATOES,XIRECS,4993.0,3
326800,,,TOMATOES,XIRECS,4979.0,3
326900,,,TOMATOES,XIRECS,4993.0,2
328200,,,TOMATOES,XIRECS,4994.0,2
328900,,,TOMATOES,XIRECS,4980.0,5
329400,,,TOMATOES,XIRECS,4980.0,5
330300,,,TOMATOES,XIRECS,4981.0,4
331300,,,TOMATOES,XIRECS,4993.0,5
331400,,,TOMATOES,XIRECS,4992.0,3
331600,,,TOMATOES,XIRECS,4991.0,4
333000,,,TOMATOES,XIRECS,4979.0,2
339400,,,TOMATOES,XIRECS,4994.0,3
343200,,,TOMATOES,XIRECS,4985.0,4
351500,,,TOMATOES,XIRECS,5000.0,5
353400,,,TOMATOES,XIRECS,5002.0,2
353600,,,TOMATOES,XIRECS,4996.0,2
360700,,,TOMATOES,XIRECS,5007.0,4
364000,,,TOMATOES,XIRECS,4990.0,3
366100,,,TOMATOES,XIRECS,4999.0,2
366200,,,TOMATOES,XIRECS,5007.0,4
368200,,,TOMATOES,XIRECS,5005.0,4
368300,,,TOMATOES,XIRECS,5004.0,4
368900,,,TOMATOES,XIRECS,4988.0,4
370700,,,TOMATOES,XIRECS,4989.0,2
374500,,,TOMATOES,XIRECS,5000.0,2
375500,,,TOMATOES,XIRECS,5000.0,4
380300,,,TOMATOES,XIRECS,5000.0,3
383000,,,TOMATOES,XIRECS,4999.0,4
384400,,,TOMATOES,XIRECS,4989.0,5
385300,,,TOMATOES,XIRECS,4991.0,4
388600,,,TOMATOES,XIRECS,4990.0,2
388900,,,TOMATOES,XIRECS,4996.0,5
390000,,,TOMATOES,XIRECS,5005.0,5
390100,,,TOMATOES,XIRECS,5006.0,5
390600,,,TOMATOES,XIRECS,5005.0,4
392600,,,TOMATOES,XIRECS,5004.0,2
398600,,,TOMATOES,XIRECS,4986.0,2
400200,,,TOMATOES,XIRECS,4991.0,6
401400,,,TOMATOES,XIRECS,5000.0,3
402200,,,TOMATOES,XIRECS,4988.0,5
404900,,,TOMATOES,XIRECS,4998.0,5
405200,,,TOMATOES,XIRECS,4983.0,5
407000,,,TOMATOES,XIRECS,4983.0,3
408400,,,TOMATOES,XIRECS,4983.0,4
408700,,,TOMATOES,XIRECS,4983.0,3
410300,,,TOMATOES,XIRECS,4981.0,3
413800,,,TOMATOES,XIRECS,4982.0,5
414500,,,TOMATOES,XIRECS,4981.0,4
414600,,,TOMATOES,XIRECS,4980.0,2
415000,,,TOMATOES,XIRECS,4994.0,3
415300,,,TOMATOES,XIRECS,4982.0,5
416200,,,TOMATOES,XIRECS,4980.0,4
417600,,,TOMATOES,XIRECS,4993.0,2
417700,,,TOMATOES,XIRECS,4993.0,2
420000,,,TOMATOES,XIRECS,4996.0,4
421600,,,TOMATOES,XIRECS,4997.0,5
422000,,,TOMATOES,XIRECS,4998.0,5
422800,,,TOMATOES,XIRECS,4981.0,2
427100,,,TOMATOES,XIRECS,4985.0,3
431400,,,TOMATOES,XIRECS,4987.0,5
438400,,,TOMATOES,XIRECS,5001.0,5
440400,,,TOMATOES,XIRECS,5000.0,4
443900,,,TOMATOES,XIRECS,5003.0,4
446900,,,TOMATOES,XIRECS,4993.0,3
447600,,,TOMATOES,XIRECS,5005.0,4
450700,,,TOMATOES,XIRECS,5007.0,4
453900,,,TOMATOES,XIRECS,4997.0,3
454000,,,TOMATOES,XIRECS,4997.0,4
456500,,,TOMATOES,XIRECS,4994.0,2
457400,,,TOMATOES,XIRECS,4996.0,5
457700,,,TOMATOES,XIRECS,5009.0,4
465000,,,TOMATOES,XIRECS,5002.0,5
481500,,,TOMATOES,XIRECS,4992.0,2
487200,,,TOMATOES,XIRECS,4976.0,5
490300,,,TOMATOES,XIRECS,4972.0,4
493100,,,TOMATOES,XIRECS,4973.0,3
495500,,,TOMATOES,XIRECS,4974.0,5
495700,,,TOMATOES,XIRECS,4978.0,4
498300,,,TOMATOES,XIRECS,4972.0,4
498400,,,TOMATOES,XIRECS,4986.0,5
500100,,,TOMATOES,XIRECS,4971.0,3
501700,,,TOMATOES,XIRECS,4970.0,4
501900,,,TOMATOES,XIRECS,4970.0,2
508700,,,TOMATOES,XIRECS,4969.0,5
509300,,,TOMATOES,XIRECS,4982.0,2
516200,,,TOMATOES,XIRECS,4965.0,4
520100,,,TOMATOES,XIRECS,4981.0,3
520300,,,TOMATOES,XIRECS,4967.0,2
525500,,,TOMATOES,XIRECS,4974.0,4
526400,,,TOMATOES,XIRECS,4987.0,2
532400,,,TOMATOES,XIRECS,4986.0,5
534800,,,TOMATOES,XIRECS,4976.0,5
536100,,,TOMATOES,XIRECS,4975.0,4
536900,,,TOMATOES,XIRECS,4988.0,2
537800,,,TOMATOES,XIRECS,4975.0,5
538500,,,TOMATOES,XIRECS,4989.0,4
544100,,,TOMATOES,XIRECS,4970.0,3
546900,,,TOMATOES,XIRECS,4965.0,2
547600,,,TOMATOES,XIRECS,4978.0,3
548300,,,TOMATOES,XIRECS,4964.0,3
551300,,,TOMATOES,XIRECS,4962.0,5
552000,,,TOMATOES,XIRECS,4963.0,2
554200,,,TOMATOES,XIRECS,4979.0,5
558100,,,TOMATOES,XIRECS,4965.0,4
559100,,,TOMATOES,XIRECS,4979.0,2
561800,,,TOMATOES,XIRECS,4967.0,3
562700,,,TOMATOES,XIRECS,4969.0,4
575500,,,TOMATOES,XIRECS,4966.0,5
575900,,,TOMATOES,XIRECS,4967.0,5
576200,,,TOMATOES,XIRECS,4966.0,3
576500,,,TOMATOES,XIRECS,4967.0,2
579400,,,TOMATOES,XIRECS,4981.0,2
583400,,,TOMATOES,XIRECS,4980.0,3
586600,,,TOMATOES,XIRECS,4963.0,5
587300,,,TOMATOES,XIRECS,4961.0,2
591700,,,TOMATOES,XIRECS,4980.0,5
593900,,,TOMATOES,XIRECS,4964.0,3
595100,,,TOMATOES,XIRECS,4977.0,5
595600,,,TOMATOES,XIRECS,4977.0,3
600000,,,TOMATOES,XIRECS,4964.0,5
601100,,,TOMATOES,XIRECS,4977.0,3
602900,,,TOMATOES,XIRECS,4967.0,5
604600,,,TOMATOES,XIRECS,4980.0,4
604800,,,TOMATOES,XIRECS,4966.0,4
608100,,,TOMATOES,XIRECS,4979.0,4
611600,,,TOMATOES,XIRECS,4978.0,4
613800,,,TOMATOES,XIRECS,4969.0,2
615400,,,TOMATOES,XIRECS,4966.0,5
617500,,,TOMATOES,XIRECS,4966.0,4
618400,,,TOMATOES,XIRECS,4967.0,3
618900,,,TOMATOES,XIRECS,4979.0,2
619800,,,TOMATOES,XIRECS,4968.0,4
620900,,,TOMATOES,XIRECS,4968.0,2
625500,,,TOMATOES,XIRECS,4980.0,2
626600,,,TOMATOES,XIRECS,4965.0,2
627300,,,TOMATOES,XIRECS,4979.0,2
629300,,,TOMATOES,XIRECS,4979.0,4
629400,,,TOMATOES,XIRECS,4979.0,3
630500,,,TOMATOES,XIRECS,4967.0,3
632700,,,TOMATOES,XIRECS,4977.0,3
635200,,,TOMATOES,XIRECS,4958.0,5
636500,,,TOMATOES,XIRECS,4958.0,3
643700,,,TOMATOES,XIRECS,4969.0,2
644600,,,TOMATOES,XIRECS,4970.0,4
648600,,,TOMATOES,XIRECS,4973.0,2
653400,,,TOMATOES,XIRECS,4980.0,3
655000,,,TOMATOES,XIRECS,4975.0,4
655500,,,TOMATOES,XIRECS,4973.0,5
657600,,,TOMATOES,XIRECS,4961.0,5
659700,,,TOMATOES,XIRECS,4960.0,2
664800,,,TOMATOES,XIRECS,4964.0,3
665500,,,TOMATOES,XIRECS,4974.0,3
667200,,,TOMATOES,XIRECS,4974.0,4
669400,,,TOMATOES,XIRECS,4975.0,2
673600,,,TOMATOES,XIRECS,4959.0,4
674700,,,TOMATOES,XIRECS,4959.0,3
682700,,,TOMATOES,XIRECS,4971.0,2
686600,,,TOMATOES,XIRECS,4960.0,4
687200,,,TOMATOES,XIRECS,4958.0,2
690700,,,TOMATOES,XIRECS,4967.0,2
697100,,,TOMATOES,XIRECS,4955.0,5
706000,,,TOMATOES,XIRECS,4950.0,4
708700,,,TOMATOES,XIRECS,4948.0,5
709800,,,TOMATOES,XIRECS,4948.0,3
712800,,,TOMATOES,XIRECS,4948.0,4
714900,,,TOMATOES,XIRECS,4960.0,5
715500,,,TOMATOES,XIRECS,4960.0,2
718300,,,TOMATOES,XIRECS,4947.0,2
718500,,,TOMATOES,XIRECS,4946.0,3
719500,,,TOMATOES,XIRECS,4959.0,3
720800,,,TOMATOES,XIRECS,4945.0,2
721100,,,TOMATOES,XIRECS,4946.0,3
722000,,,TOMATOES,XIRECS,4958.0,2
722400,,,TOMATOES,XIRECS,4959.0,4
724900,,,TOMATOES,XIRECS,4958.0,5
726500,,,TOMATOES,XIRECS,4947.0,3
733000,,,TOMATOES,XIRECS,4943.0,3
733900,,,TOMATOES,XIRECS,4945.0,5
734000,,,TOMATOES,XIRECS,4944.0,2
735100,,,TOMATOES,XIRECS,4945.0,4
735900,,,TOMATOES,XIRECS,4961.0,4
736200,,,TOMATOES,XIRECS,4947.0,2
741500,,,TOMATOES,XIRECS,4968.0,4
747700,,,TOMATOES,XIRECS,4955.0,3
748500,,,TOMATOES,XIRECS,4967.0,5
750100,,,TOMATOES,XIRECS,4966.0,3
750500,,,TOMATOES,XIRECS,4953.0,3
751800,,,TOMATOES,XIRECS,4970.0,4
752200,,,TOMATOES,XIRECS,4970.0,3
757900,,,TOMATOES,XIRECS,4976.0,2
758600,,,TOMATOES,XIRECS,4962.0,2
762200,,,TOMATOES,XIRECS,4964.0,5
762500,,,TOMATOES,XIRECS,4976.0,4
767200,,,TOMATOES,XIRECS,4969.0,3
768100,,,TOMATOES,XIRECS,4956.0,3
768500,,,TOMATOES,XIRECS,4968.0,2
768800,,,TOMATOES,XIRECS,4953.0,4
774400,,,TOMATOES,XIRECS,4968.0,3
778700,,,TOMATOES,XIRECS,4966.0,2
779100,,,TOMATOES,XIRECS,4964.0,4
780500,,,TOMATOES,XIRECS,4966.0,3
782800,,,TOMATOES,XIRECS,4953.0,3
785400,,,TOMATOES,XIRECS,4963.0,2
789300,,,TOMATOES,XIRECS,4967.0,5
791600,,,TOMATOES,XIRECS,4949.0,3
792000,,,TOMATOES,XIRECS,4949.0,3
792400,,,TOMATOES,XIRECS,4950.0,5
792800,,,TOMATOES,XIRECS,4964.0,3
795800,,,TOMATOES,XIRECS,4951.0,4
798200,,,TOMATOES,XIRECS,4954.0,5
803500,,,TOMATOES,XIRECS,4967.0,4
804100,,,TOMATOES,XIRECS,4962.0,5
805400,,,TOMATOES,XIRECS,4954.0,5
807500,,,TOMATOES,XIRECS,4957.0,4
809700,,,TOMATOES,XIRECS,4958.0,4
809800,,,TOMATOES,XIRECS,4972.0,3
816000,,,TOMATOES,XIRECS,4974.0,2
816300,,,TOMATOES,XIRECS,4975.0,2
816400,,,TOMATOES,XIRECS,4976.0,3
816600,,,TOMATOES,XIRECS,4975.0,2
817900,,,TOMATOES,XIRECS,4959.0,3
818400,,,TOMATOES,XIRECS,4957.0,2
826000,,,TOMATOES,XIRECS,4967.0,2
827400,,,TOMATOES,XIRECS,4968.0,2
829700,,,TOMATOES,XIRECS,4969.0,2
830800,,,TOMATOES,XIRECS,4952.0,2
830900,,,TOMATOES,XIRECS,4952.0,4
831900,,,TOMATOES,XIRECS,4952.0,5
832400,,,TOMATOES,XIRECS,4952.0,3
840800,,,TOMATOES,XIRECS,4967.0,2
846500,,,TOMATOES,XIRECS,4954.0,2
847600,,,TOMATOES,XIRECS,4957.0,5
848400,,,TOMATOES,XIRECS,4967.0,3
854500,,,TOMATOES,XIRECS,4964.0,3
858300,,,TOMATOES,XIRECS,4951.0,5
858700,,,TOMATOES,XIRECS,4948.0,4
861100,,,TOMATOES,XIRECS,4961.0,2
862500,,,TOMATOES,XIRECS,4963.0,5
865700,,,TOMATOES,XIRECS,4967.0,5
866200,,,TOMATOES,XIRECS,4953.0,2
868100,,,TOMATOES,XIRECS,4964.0,4
869800,,,TOMATOES,XIRECS,4949.0,3
874400,,,TOMATOES,XIRECS,4951.0,3
875500,,,TOMATOES,XIRECS,4955.0,5
877100,,,TOMATOES,XIRECS,4957.0,4
885900,,,TOMATOES,XIRECS,4977.0,4
886500,,,TOMATOES,XIRECS,4980.0,3
886900,,,TOMATOES,XIRECS,4968.0,4
890500,,,TOMATOES,XIRECS,4971.0,4
893100,,,TOMATOES,XIRECS,4963.0,2
899100,,,TOMATOES,XIRECS,4959.0,3
900100,,,TOMATOES,XIRECS,4972.0,4
900300,,,TOMATOES,XIRECS,4958.0,2
900900,,,TOMATOES,XIRECS,4955.0,3
908200,,,TOMATOES,XIRECS,4962.0,4
909200,,,TOMATOES,XIRECS,4977.0,2
911100,,,TOMATOES,XIRECS,4977.0,3
911500,,,TOMATOES,XIRECS,4964.0,2
912500,,,TOMATOES,XIRECS,4976.0,4
913800,,,TOMATOES,XIRECS,4962.0,5
914300,,,TOMATOES,XIRECS,4974.0,2
920000,,,TOMATOES,XIRECS,4957.0,4
925200,,,TOMATOES,XIRECS,4968.0,3
925500,,,TOMATOES,XIRECS,4967.0,2
925800,,,TOMATOES,XIRECS,4954.0,2
926600,,,TOMATOES,XIRECS,4968.0,3
929200,,,TOMATOES,XIRECS,4970.0,4
933700,,,TOMATOES,XIRECS,4967.0,5
935000,,,TOMATOES,XIRECS,4968.0,2
938200,,,TOMATOES,XIRECS,4972.0,5
940200,,,TOMATOES,XIRECS,4972.0,5
940300,,,TOMATOES,XIRECS,4959.0,2
948000,,,TOMATOES,XIRECS,4953.0,3
950400,,,TOMATOES,XIRECS,4966.0,3
951800,,,TOMATOES,XIRECS,4953.0,2
957600,,,TOMATOES,XIRECS,4948.0,5
967400,,,TOMATOES,XIRECS,4964.0,5
969700,,,TOMATOES,XIRECS,4964.0,3
977900,,,TOMATOES,XIRECS,4952.0,5
979000,,,TOMATOES,XIRECS,4965.0,5
982500,,,TOMATOES,XIRECS,4950.0,3
985100,,,TOMATOES,XIRECS,4946.0,2
993000,,,TOMATOES,XIRECS,4956.0,2
995600,,,TOMATOES,XIRECS,4958.0,3
996500,,,TOMATOES,XIRECS,5008.0,2
997300,,,TOMATOES,XIRECS,5006.0,3
999700,,,TOMATOES,XIRECS,5002.0,3
1002300,,,TOMATOES,XIRECS,4988.0,5
1002700,,,TOMATOES,XIRECS,5000.0,3
1006800,,,TOMATOES,XIRECS,4985.0,4
1008300,,,TOMATOES,XIRECS,4999.0,2
1009200,,,TOMATOES,XIRECS,4991.0,2
1009700,,,TOMATOES,XIRECS,4998.0,2
1012700,,,TOMATOES,XIRECS,4986.0,4
1013400,,,TOMATOES,XIRECS,4986.0,5
1013600,,,TOMATOES,XIRECS,4990.0,3
1019600,,,TOMATOES,XIRECS,5001.0,5
1022900,,,TOMATOES,XIRECS,4988.0,5
1028300,,,TOMATOES,XIRECS,5004.0,3
1034600,,,TOMATOES,XIRECS,5005.0,5
1037300,,,TOMATOES,XIRECS,4989.0,2
1038800,,,TOMATOES,XIRECS,4991.0,3
1047100,,,TOMATOES,XIRECS,4998.0,2
1060600,,,TOMATOES,XIRECS,5017.0,5
1062600,,,TOMATOES,XIRECS,5020.0,5
1063900,,,TOMATOES,XIRECS,5021.0,2
1064300,,,TOMATOES,XIRECS,5020.0,4
1064600,,,TOMATOES,XIRECS,5005.0,5
1069000,,,TOMATOES,XIRECS,5022.0,5
1088600,,,TOMATOES,XIRECS,5011.0,5
1088900,,,TOMATOES,XIRECS,5010.0,3
1094400,,,TOMATOES,XIRECS,5024.0,3
1095200,,,TOMATOES,XIRECS,5024.0,4
1098600,,,TOMATOES,XIRECS,5013.0,3
1100200,,,TOMATOES,XIRECS,5012.0,3
1107600,,,TOMATOES,XIRECS,5016.0,5
1110000,,,TOMATOES,XIRECS,5014.0,2
1110900,,,TOMATOES,XIRECS,5013.0,4
1111100,,,TOMATOES,XIRECS,5025.0,3
1112500,,,TOMATOES,XIRECS,5017.0,3
1113400,,,TOMATOES,XIRECS,5018.0,3
1114700,,,TOMATOES,XIRECS,5024.0,5
1116300,,,TOMATOES,XIRECS,5024.0,2
1116800,,,TOMATOES,XIRECS,5011.0,5
1117400,,,TOMATOES,XIRECS,5027.0,4
1118000,,,TOMATOES,XIRECS,5029.0,5
1120900,,,TOMATOES,XIRECS,5012.0,4
1123000,,,TOMATOES,XIRECS,5011.0,2
1127000,,,TOMATOES,XIRECS,5020.0,2
1127500,,,TOMATOES,XIRECS,5019.0,2
1129400,,,TOMATOES,XIRECS,5016.0,2
1132600,,,TOMATOES,XIRECS,5003.0,4
1135400,,,TOMATOES,XIRECS,5014.0,3
1139000,,,TOMATOES,XIRECS,5000.0,2
1142800,,,TOMATOES,XIRECS,5009.0,4
1143200,,,TOMATOES,XIRECS,5008.0,4
1148900,,,TOMATOES,XIRECS,4996.0,3
1152800,,,TOMATOES,XIRECS,5007.0,3
1154300,,,TOMATOES,XIRECS,4991.0,2
1159800,,,TOMATOES,XIRECS,4988.0,5
1161100,,,TOMATOES,XIRECS,4991.0,3
1161300,,,TOMATOES,XIRECS,4990.0,3
1162800,,,TOMATOES,XIRECS,4992.0,2
1164500,,,TOMATOES,XIRECS,5006.0,2
1170000,,,TOMATOES,XIRECS,4991.0,5
1171400,,,TOMATOES,XIRECS,5001.0,5
1172700,,,TOMATOES,XIRECS,4988.0,3
1174800,,,TOMATOES,XIRECS,5000.0,2
1175000,,,TOMATOES,XIRECS,5000.0,2
1178400,,,TOMATOES,XIRECS,5001.0,5
1178700,,,TOMATOES,XIRECS,4986.0,2
1179300,,,TOMATOES,XIRECS,4986.0,4
1179500,,,TOMATOES,XIRECS,5000.0,2
1180400,,,TOMATOES,XIRECS,4991.0,2
1180800,,,TOMATOES,XIRECS,4985.0,4
1183200,,,TOMATOES,XIRECS,4989.0,4
1183600,,,TOMATOES,XIRECS,5002.0,3
1187000,,,TOMATOES,XIRECS,5003.0,5
1188000,,,TOMATOES,XIRECS,4991.0,5
1189000,,,TOMATOES,XIRECS,5005.0,2
1189100,,,TOMATOES,XIRECS,4991.0,3
1192700,,,TOMATOES,XIRECS,4991.0,3
1198000,,,TOMATOES,XIRECS,4993.0,5
1199500,,,TOMATOES,XIRECS,5007.0,5
1199700,,,TOMATOES,XIRECS,5007.0,3
1204900,,,TOMATOES,XIRECS,4996.0,4
1205200,,,TOMATOES,XIRECS,4995.0,2
1205800,,,TOMATOES,XIRECS,4995.0,4
1206600,,,TOMATOES,XIRECS,4996.0,4
1207400,,,TOMATOES,XIRECS,5009.0,2
1207500,,,TOMATOES,XIRECS,4996.0,4
1213300,,,TOMATOES,XIRECS,5005.0,3
1214300,,,TOMATOES,XIRECS,4991.0,4
1221500,,,TOMATOES,XIRECS,5006.0,3
1229000,,,TOMATOES,XIRECS,5004.0,2
1229100,,,TOMATOES,XIRECS,4990.0,2
1229300,,,TOMATOES,XIRECS,4990.0,4
1230700,,,TOMATOES,XIRECS,4991.0,5
1238600,,,TOMATOES,XIRECS,4988.0,3
1241100,,,TOMATOES,XIRECS,5002.0,5
1243000,,,TOMATOES,XIRECS,4991.0,4
1245800,,,TOMATOES,XIRECS,4992.0,3
1251400,,,TOMATOES,XIRECS,4997.0,3
1253200,,,TOMATOES,XIRECS,4989.0,2
1253700,,,TOMATOES,XIRECS,5002.0,3
1253800,,,TOMATOES,XIRECS,5002.0,4
1254600,,,TOMATOES,XIRECS,5001.0,3
1255300,,,TOMATOES,XIRECS,4988.0,2
1255500,,,TOMATOES,XIRECS,5002.0,3
1255800,,,TOMATOES,XIRECS,4989.0,3
1256400,,,TOMATOES,XIRECS,4989.0,4
1259000,,,TOMATOES,XIRECS,5004.0,2
1259100,,,TOMATOES,XIRECS,4991.0,3
1268200,,,TOMATOES,XIRECS,5008.0,4
1269800,,,TOMATOES,XIRECS,5012.0,2
1270800,,,TOMATOES,XIRECS,5013.0,2
1271100,,,TOMATOES,XIRECS,5013.0,2
1272500,,,TOMATOES,XIRECS,4998.0,4
1276500,,,TOMATOES,XIRECS,5008.0,4
1276800,,,TOMATOES,XIRECS,5016.0,5
1277800,,,TOMATOES,XIRECS,5016.0,4
1279000,,,TOMATOES,XIRECS,5001.0,5
1281900,,,TOMATOES,XIRECS,5002.0,2
1285200,,,TOMATOES,XIRECS,4995.0,3
1287800,,,TOMATOES,XIRECS,5008.0,5
1293900,,,TOMATOES,XIRECS,5008.0,3
1302900,,,TOMATOES,XIRECS,4998.0,4
1306900,,,TOMATOES,XIRECS,4996.0,3
1307200,,,TOMATOES,XIRECS,4996.0,4
1309300,,,TOMATOES,XIRECS,5009.0,4
1312400,,,TOMATOES,XIRECS,5010.0,4
1318000,,,TOMATOES,XIRECS,5013.0,5
1318100,,,TOMATOES,XIRECS,4999.0,3
1326100,,,TOMATOES,XIRECS,5006.0,3
1328100,,,TOMATOES,XIRECS,5007.0,4
1328200,,,TOMATOES,XIRECS,5020.0,4
1330000,,,TOMATOES,XIRECS,5021.0,3
1330700,,,TOMATOES,XIRECS,5021.0,5
1332600,,,TOMATOES,XIRECS,5023.0,4
1335600,,,TOMATOES,XIRECS,5008.0,4
1337600,,,TOMATOES,XIRECS,5005.0,2
1341000,,,TOMATOES,XIRECS,5020.0,5
1345000,,,TOMATOES,XIRECS,5007.0,3
1346700,,,TOMATOES,XIRECS,5008.0,5
1351700,,,TOMATOES,XIRECS,5024.0,2
1353300,,,TOMATOES,XIRECS,5010.0,5
1355400,,,TOMATOES,XIRECS,5010.0,4
1363100,,,TOMATOES,XIRECS,5010.0,5
1364500,,,TOMATOES,XIRECS,5008.0,3
1365900,,,TOMATOES,XIRECS,5020.0,5
1367600,,,TOMATOES,XIRECS,5008.0,2
1371300,,,TOMATOES,XIRECS,5013.0,5
1372300,,,TOMATOES,XIRECS,5009.0,2
1376100,,,TOMATOES,XIRECS,5008.0,2
1377900,,,TOMATOES,XIRECS,5011.0,5
1378300,,,TOMATOES,XIRECS,5024.0,4
1379600,,,TOMATOES,XIRECS,5024.0,4
1382400,,,TOMATOES,XIRECS,5021.0,5
1385900,,,TOMATOES,XIRECS,5018.0,5
1389900,,,TOMATOES,XIRECS,5016.0,3
1393500,,,TOMATOES,XIRECS,5012.0,2
1400000,,,TOMATOES,XIRECS,5012.0,5
1406800,,,TOMATOES,XIRECS,5015.0,2
1409500,,,TOMATOES,XIRECS,5002.0,2
1411400,,,TOMATOES,XIRECS,5011.0,5
1413500,,,TOMATOES,XIRECS,5009.0,4
1417900,,,TOMATOES,XIRECS,5020.0,4
1421900,,,TOMATOES,XIRECS,5004.0,2
1423100,,,TOMATOES,XIRECS,5014.0,5
1424200,,,TOMATOES,XIRECS,5016.0,5
1425100,,,TOMATOES,XIRECS,5003.0,3
1426600,,,TOMATOES,XIRECS,5014.0,3
1427100,,,TOMATOES,XIRECS,5015.0,2
1427500,,,TOMATOES,XIRECS,5001.0,4
1428300,,,TOMATOES,XIRECS,5000.0,3
1428500,,,TOMATOES,XIRECS,5014.0,5
1430500,,,TOMATOES,XIRECS,5003.0,3
1430700,,,TOMATOES,XIRECS,5016.0,4
1432900,,,TOMATOES,XIRECS,5002.0,4
1437600,,,TOMATOES,XIRECS,4998.0,2
1439500,,,TOMATOES,XIRECS,5011.0,2
1441400,,,TOMATOES,XIRECS,4999.0,5
1445900,,,TOMATOES,XIRECS,4998.0,3
1447900,,,TOMATOES,XIRECS,4997.0,2
1448000,,,TOMATOES,XIRECS,5011.0,5
1448700,,,TOMATOES,XIRECS,4998.0,3
1454600,,,TOMATOES,XIRECS,5007.0,5
1454800,,,TOMATOES,XIRECS,5006.0,3
1456500,,,TOMATOES,XIRECS,4992.0,4
1459500,,,TOMATOES,XIRECS,5008.0,5
1465300,,,TOMATOES,XIRECS,4991.0,2
1470200,,,TOMATOES,XIRECS,4994.0,2
1470900,,,TOMATOES,XIRECS,5008.0,2
1474900,,,TOMATOES,XIRECS,5003.0,4
1476100,,,TOMATOES,XIRECS,5005.0,4
1481300,,,TOMATOES,XIRECS,5000.0,5
1484000,,,TOMATOES,XIRECS,4987.0,4
1484500,,,TOMATOES,XIRECS,4986.0,5
1486400,,,TOMATOES,XIRECS,4986.0,5
1488000,,,TOMATOES,XIRECS,5002.0,4
1492300,,,TOMATOES,XIRECS,4984.0,5
1493200,,,TOMATOES,XIRECS,4993.0,2
1493500,,,TOMATOES,XIRECS,4985.0,3
1494600,,,TOMATOES,XIRECS,4987.0,4
1498500,,,TOMATOES,XIRECS,4999.0,4
1500500,,,TOMATOES,XIRECS,4998.0,4
1502400,,,TOMATOES,XIRECS,4986.0,3
1506700,,,TOMATOES,XIRECS,4987.0,4
1516200,,,TOMATOES,XIRECS,5001.0,4
1518200,,,TOMATOES,XIRECS,4988.0,5
1523300,,,TOMATOES,XIRECS,4984.0,5
1525000,,,TOMATOES,XIRECS,4988.0,3
1531700,,,TOMATOES,XIRECS,5007.0,5
1535600,,,TOMATOES,XIRECS,4996.0,5
1536300,,,TOMATOES,XIRECS,5003.0,3
1539800,,,TOMATOES,XIRECS,4998.0,3
1541100,,,TOMATOES,XIRECS,5001.0,5
1543900,,,TOMATOES,XIRECS,5013.0,4
1549300,,,TOMATOES,XIRECS,5012.0,4
1549900,,,TOMATOES,XIRECS,4998.0,3
1558600,,,TOMATOES,XIRECS,5011.0,5
1562700,,,TOMATOES,XIRECS,4992.0,2
1564200,,,TOMATOES,XIRECS,4989.0,4
1571900,,,TOMATOES,XIRECS,5008.0,4
1587200,,,TOMATOES,XIRECS,4993.0,3
1587600,,,TOMATOES,XIRECS,5006.0,5
1588600,,,TOMATOES,XIRECS,5008.0,2
1597700,,,TOMATOES,XIRECS,5000.0,4
1598100,,,TOMATOES,XIRECS,5015.0,3
1598900,,,TOMATOES,XIRECS,5017.0,2
1604300,,,TOMATOES,XIRECS,5012.0,5
1605300,,,TOMATOES,XIRECS,4996.0,2
1605800,,,TOMATOES,XIRECS,5006.0,4
1606900,,,TOMATOES,XIRECS,5013.0,4
1612300,,,TOMATOES,XIRECS,5003.0,4
1615300,,,TOMATOES,XIRECS,5009.0,3
1620500,,,TOMATOES,XIRECS,4996.0,4
1621400,,,TOMATOES,XIRECS,5008.0,5
1621800,,,TOMATOES,XIRECS,4996.0,5
1622100,,,TOMATOES,XIRECS,5010.0,4
1632500,,,TOMATOES,XIRECS,5014.0,4
1639400,,,TOMATOES,XIRECS,5015.0,5
1641200,,,TOMATOES,XIRECS,5019.0,5
1641600,,,TOMATOES,XIRECS,5020.0,3
1661300,,,TOMATOES,XIRECS,5012.0,2
1662000,,,TOMATOES,XIRECS,5014.0,5
1665000,,,TOMATOES,XIRECS,5011.0,3
1668200,,,TOMATOES,XIRECS,5005.0,2
1668800,,,TOMATOES,XIRECS,5019.0,5
1669400,,,TOMATOES,XIRECS,5014.0,2
1669400,,,TOMATOES,XIRECS,5020.0,5
1669800,,,TOMATOES,XIRECS,5018.0,5
1671100,,,TOMATOES,XIRECS,5016.0,5
1676800,,,TOMATOES,XIRECS,5001.0,2
1680000,,,TOMATOES,XIRECS,5012.0,3
1680400,,,TOMATOES,XIRECS,5000.0,5
1682300,,,TOMATOES,XIRECS,4998.0,3
1682900,,,TOMATOES,XIRECS,5010.0,4
1683800,,,TOMATOES,XIRECS,4995.0,3
1685600,,,TOMATOES,XIRECS,4992.0,2
1686000,,,TOMATOES,XIRECS,5004.0,3
1687300,,,TOMATOES,XIRECS,4989.0,4
1693500,,,TOMATOES,XIRECS,5002.0,5
1694000,,,TOMATOES,XIRECS,4988.0,3
1696900,,,TOMATOES,XIRECS,4987.0,5
1698200,,,TOMATOES,XIRECS,5000.0,3
1704600,,,TOMATOES,XIRECS,4988.0,3
1704700,,,TOMATOES,XIRECS,4989.0,2
1707500,,,TOMATOES,XIRECS,4993.0,4
1710300,,,TOMATOES,XIRECS,5008.0,4
1710400,,,TOMATOES,XIRECS,5009.0,4
1714300,,,TOMATOES,XIRECS,4999.0,2
1717300,,,TOMATOES,XIRECS,4998.0,2
1718500,,,TOMATOES,XIRECS,4997.0,5
1718800,,,TOMATOES,XIRECS,5010.0,4
1720000,,,TOMATOES,XIRECS,4995.0,3
1723400,,,TOMATOES,XIRECS,4996.0,4
1727000,,,TOMATOES,XIRECS,5011.0,4
1730800,,,TOMATOES,XIRECS,5003.0,4
1730900,,,TOMATOES,XIRECS,5012.0,5
1733200,,,TOMATOES,XIRECS,5011.0,4
1733300,,,TOMATOES,XIRECS,4997.0,2
1734400,,,TOMATOES,XIRECS,5011.0,2
1734600,,,TOMATOES,XIRECS,4998.0,4
1736300,,,TOMATOES,XIRECS,5010.0,5
1741300,,,TOMATOES,XIRECS,5008.0,2
1743600,,,TOMATOES,XIRECS,4995.0,3
1745600,,,TOMATOES,XIRECS,4995.0,2
1749000,,,TOMATOES,XIRECS,4996.0,4
1753400,,,TOMATOES,XIRECS,5009.0,3
1754000,,,TOMATOES,XIRECS,4997.0,5
1756200,,,TOMATOES,XIRECS,4995.0,3
1762600,,,TOMATOES,XIRECS,5005.0,2
1763300,,,TOMATOES,XIRECS,5007.0,3
1763500,,,TOMATOES,XIRECS,5007.0,3
1764000,,,TOMATOES,XIRECS,5007.0,3
1766800,,,TOMATOES,XIRECS,5007.0,2
1769000,,,TOMATOES,XIRECS,5022.0,4
1771100,,,TOMATOES,XIRECS,5024.0,4
1772100,,,TOMATOES,XIRECS,5015.0,2
1774200,,,TOMATOES,XIRECS,5012.0,3
1776500,,,TOMATOES,XIRECS,5026.0,3
1779800,,,TOMATOES,XIRECS,5023.0,3
1782100,,,TOMATOES,XIRECS,5023.0,3
1788900,,,TOMATOES,XIRECS,5025.0,5
1791700,,,TOMATOES,XIRECS,5025.0,5
1792900,,,TOMATOES,XIRECS,5025.0,2
1794700,,,TOMATOES,XIRECS,5028.0,5
1794900,,,TOMATOES,XIRECS,5015.0,4
1796000,,,TOMATOES,XIRECS,5026.0,3
1798600,,,TOMATOES,XIRECS,5025.0,3
1803800,,,TOMATOES,XIRECS,5015.0,4
1804500,,,TOMATOES,XIRECS,5023.0,3
1807500,,,TOMATOES,XIRECS,5027.0,5
1810200,,,TOMATOES,XIRECS,5025.0,3
1810700,,,TOMATOES,XIRECS,5033.0,5
1810900,,,TOMATOES,XIRECS,5034.0,2
1814400,,,TOMATOES,XIRECS,5024.0,2
1817700,,,TOMATOES,XIRECS,5023.0,5
1817800,,,TOMATOES,XIRECS,5023.0,3
1820900,,,TOMATOES,XIRECS,5034.0,4
1824900,,,TOMATOES,XIRECS,5018.0,3
1826000,,,TOMATOES,XIRECS,5032.0,4
1828800,,,TOMATOES,XIRECS,5016.0,3
1829100,,,TOMATOES,XIRECS,5031.0,5
1840800,,,TOMATOES,XIRECS,5011.0,2
1841900,,,TOMATOES,XIRECS,5011.0,2
1842000,,,TOMATOES,XIRECS,5011.0,4
1843900,,,TOMATOES,XIRECS,5011.0,5
1846900,,,TOMATOES,XIRECS,5015.0,5
1849300,,,TOMATOES,XIRECS,5029.0,5
1850700,,,TOMATOES,XIRECS,5017.0,4
1851600,,,TOMATOES,XIRECS,5032.0,2
1852200,,,TOMATOES,XIRECS,5032.0,4
1854100,,,TOMATOES,XIRECS,5033.0,5
1855800,,,TOMATOES,XIRECS,5019.0,2
1856000,,,TOMATOES,XIRECS,5033.0,5
1857100,,,TOMATOES,XIRECS,5020.0,3
1857900,,,TOMATOES,XIRECS,5021.0,5
1859700,,,TOMATOES,XIRECS,5023.0,5
1860500,,,TOMATOES,XIRECS,5038.0,4
1863300,,,TOMATOES,XIRECS,5038.0,5
1863900,,,TOMATOES,XIRECS,5039.0,5
1864200,,,TOMATOES,XIRECS,5025.0,4
1867400,,,TOMATOES,XIRECS,5018.0,5
1868900,,,TOMATOES,XIRECS,5033.0,3
1871600,,,TOMATOES,XIRECS,5018.0,2
1879600,,,TOMATOES,XIRECS,5021.0,2
1879700,,,TOMATOES,XIRECS,5021.0,4
1881600,,,TOMATOES,XIRECS,5022.0,5
1882200,,,TOMATOES,XIRECS,5036.0,2
1884700,,,TOMATOES,XIRECS,5022.0,2
1885500,,,TOMATOES,XIRECS,5023.0,4
1885700,,,TOMATOES,XIRECS,5023.0,3
1886700,,,TOMATOES,XIRECS,5021.0,2
1888800,,,TOMATOES,XIRECS,5021.0,4
1890300,,,TOMATOES,XIRECS,5038.0,5
1891000,,,TOMATOES,XIRECS,5031.0,5
1892300,,,TOMATOES,XIRECS,5031.0,6
1893700,,,TOMATOES,XIRECS,5040.0,4
1893900,,,TOMATOES,XIRECS,5040.0,4
1895600,,,TOMATOES,XIRECS,5037.0,3
1897300,,,TOMATOES,XIRECS,5024.0,3
1898200,,,TOMATOES,XIRECS,5024.0,2
1901900,,,TOMATOES,XIRECS,5037.0,5
1902100,,,TOMATOES,XIRECS,5038.0,3
1905600,,,TOMATOES,XIRECS,5020.0,4
1906400,,,TOMATOES,XIRECS,5020.0,4
1907700,,,TOMATOES,XIRECS,5017.0,3
1909100,,,TOMATOES,XIRECS,5015.0,5
1912400,,,TOMATOES,XIRECS,5020.0,5
1918600,,,TOMATOES,XIRECS,5019.0,2
1924500,,,TOMATOES,XIRECS,5020.0,5
1932800,,,TOMATOES,XIRECS,5032.0,4
1936700,,,TOMATOES,XIRECS,5019.0,5
1940700,,,TOMATOES,XIRECS,5028.0,4
1945400,,,TOMATOES,XIRECS,5020.0,5
1945900,,,TOMATOES,XIRECS,5008.0,2
1946200,,,TOMATOES,XIRECS,5006.0,2
1953400,,,TOMATOES,XIRECS,5020.0,2
1953800,,,TOMATOES,XIRECS,5007.0,4
1956600,,,TOMATOES,XIRECS,5017.0,5
1956700,,,TOMATOES,XIRECS,5003.0,5
1958400,,,TOMATOES,XIRECS,5003.0,2
1961000,,,TOMATOES,XIRECS,5002.0,4
1963900,,,TOMATOES,XIRECS,5015.0,4
1964600,,,TOMATOES,XIRECS,5016.0,2
1965400,,,TOMATOES,XIRECS,5017.0,2
1968300,,,TOMATOES,XIRECS,5016.0,2
1969000,,,TOMATOES,XIRECS,5016.0,3
1969200,,,TOMATOES,XIRECS,5003.0,2
1970400,,,TOMATOES,XIRECS,5002.0,5
1971900,,,TOMATOES,XIRECS,5004.0,5
1975900,,,TOMATOES,XIRECS,5019.0,3
1981000,,,TOMATOES,XIRECS,5016.0,2
1981400,,,TOMATOES,XIRECS,5015.0,2
1981700,,,TOMATOES,XIRECS,5002.0,5
1984200,,,TOMATOES,XIRECS,5004.0,5
1984900,,,TOMATOES,XIRECS,5017.0,2
1987100,,,TOMATOES,XIRECS,5017.0,2
1987300,,,TOMATOES,XIRECS,5004.0,4
